Wire ID,From,From Pin,To,To Pin,Signal,Gauge,Color,Wire P/N,Wire Label P/N,Group,Notes
W1,P1,1,P2,1,+28V PWR,20,RED,M22759/16-20-2,TMS-SCE-1/8-2.0-9,,
W2,P1,2,P2,2,28V RTN,20,BLK,M22759/16-20-0,TMS-SCE-1/8-2.0-9,,
W3,P1,3,P2,3,RS422 TX+,22,WHT,,TMS-SCE-1/8-2.0-9,TSP1,
W4,P1,4,P2,4,RS422 TX-,22,BLU,,TMS-SCE-1/8-2.0-9,TSP1,
W5,P1,5,P2,5,RS422 RX+,22,WHT,M22759/16-22-9,TMS-SCE-1/8-2.0-9,TP2,
W6,P1,6,P2,6,RS422 RX-,22,BLU,M22759/16-22-6,TMS-SCE-1/8-2.0-9,TP2,
W7,P1,7,P2,8,DISCRETE IN 1,22,WHT,M22759/16-22-9,TMS-SCE-1/8-2.0-9,,
W8,P1,8,P2,7,DISCRETE OUT 1,22,WHT,M22759/16-22-9,TMS-SCE-1/8-2.0-9,,
W9,P1,9,SP1,,SIG GND,22,BLK,M22759/16-22-0,TMS-SCE-1/8-2.0-9,,
W10,P1,10,P1,11,ADDR STRAP,22,WHT,M22759/16-22-9,TMS-SCE-1/8-2.0-9,,JUMPER IN P1
W11,P1,12,P2,12,CHASSIS GND,20,GRN,M22759/16-20-5,TMS-SCE-1/8-2.0-9,,
W12,SP1,,P2,9,SIG GND A,22,BLK,M22759/16-22-0,TMS-SCE-1/8-2.0-9,,
W13,SP1,,P2,10,SIG GND B,22,BLK,M22759/16-22-0,TMS-SCE-1/8-2.0-9,,
