P/N,Type,Description,AWG,OD,AWG Min,AWG Max,Dia Min,Dia Max,CMA Min,CMA Max,Contact P/N,Contacts,Conductors,Wall,Color,Notes
D38999/26WD18SN,connector,"CONNECTOR, PLUG, 18 SKT",,,,,,,,,M39029/56-351,18,,,,EXAMPLE VALUES - VERIFY
D38999/26WD18PN,connector,"CONNECTOR, PLUG, 18 PIN",,,,,,,,,M39029/58-363,18,,,,EXAMPLE VALUES - VERIFY
M39029/56-351,contact,"CONTACT, SOCKET, SIZE 20",,,20,24,0.040,0.083,,,,,,,,EXAMPLE VALUES - VERIFY
M39029/58-363,contact,"CONTACT, PIN, SIZE 20",,,20,24,0.040,0.083,,,,,,,,EXAMPLE VALUES - VERIFY
M85049/38S15W,backshell,"BACKSHELL, STRAIGHT, SHELL 15",,,,,0.140,0.450,,,,,,,,Dia = cable clamp range. EXAMPLE VALUES - VERIFY
202K153-25/225-0,heatshrink,"BOOT, HEATSHRINK, STRAIGHT",,,,,0.220,0.600,,,,,,,,Dia Min = recovered / Max = expanded (cable end). EXAMPLE VALUES - VERIFY
TMS-SCE-1/2-2.0-9,label,"SLEEVE, IDENTIFICATION, 1/2 IN",,,,,0.170,0.470,,,,,,,,EXAMPLE VALUES - VERIFY
TMS-SCE-1/8-2.0-9,marker,"MARKER, WIRE, 1/8 IN",,,,,0.042,0.125,,,,,,,,EXAMPLE VALUES - VERIFY
M22759/16-20-0,wire,"WIRE, 20 AWG, BLK",20,0.062,,,,,,,,,,,BLK,EXAMPLE VALUES - VERIFY
M22759/16-20-2,wire,"WIRE, 20 AWG, RED",20,0.062,,,,,,,,,,,RED,EXAMPLE VALUES - VERIFY
M22759/16-20-5,wire,"WIRE, 20 AWG, GRN",20,0.062,,,,,,,,,,,GRN,EXAMPLE VALUES - VERIFY
M22759/16-22-0,wire,"WIRE, 22 AWG, BLK",22,0.052,,,,,,,,,,,BLK,EXAMPLE VALUES - VERIFY
M22759/16-22-2,wire,"WIRE, 22 AWG, RED",22,0.052,,,,,,,,,,,RED,EXAMPLE VALUES - VERIFY
M22759/16-22-6,wire,"WIRE, 22 AWG, BLU",22,0.052,,,,,,,,,,,BLU,EXAMPLE VALUES - VERIFY
M22759/16-22-9,wire,"WIRE, 22 AWG, WHT",22,0.052,,,,,,,,,,,WHT,EXAMPLE VALUES - VERIFY
M22759/16-24-5,wire,"WIRE, 24 AWG, GRN",24,0.046,,,,,,,,,,,GRN,EXAMPLE VALUES - VERIFY
M22759/16-24-9,wire,"WIRE, 24 AWG, WHT",24,0.046,,,,,,,,,,,WHT,EXAMPLE VALUES - VERIFY
M27500-22TG2T14,cable,"CABLE, SHIELDED TWISTED PAIR, 22 AWG",22,0.135,,,,,,,,,2,,,EXAMPLE VALUES - VERIFY
M81824/1-1,splice,"SPLICE, CRIMP, ENVIRONMENT RESISTANT",,,20,26,,,300,2100,,,,,,EXAMPLE VALUES - VERIFY
M83519/2-3,shield_term,"SHIELD TERMINATION, SOLDER SLEEVE",,,,,0.090,0.190,,,,,,,,Dia = over shield. EXAMPLE VALUES - VERIFY
MS3126F14-19S,connector,"CONNECTOR, PLUG, 19 SKT",,,20,24,,,,,,19,,,,Contacts integral; AWG range on connector. EXAMPLE VALUES - VERIFY
MS3126F10-6P,connector,"CONNECTOR, PLUG, 6 PIN",,,20,24,,,,,,6,,,,EXAMPLE VALUES - VERIFY
M85049/52-1-14W,backshell,"BACKSHELL, SHELL 14",,,,,0.100,0.390,,,,,,,,EXAMPLE VALUES - VERIFY
M85049/52-1-10W,backshell,"BACKSHELL, SHELL 10",,,,,0.070,0.250,,,,,,,,EXAMPLE VALUES - VERIFY
202K132-25/225-0,heatshrink,"BOOT, HEATSHRINK, STRAIGHT",,,,,0.150,0.550,,,,,,,,EXAMPLE VALUES - VERIFY
202K121-25/225-0,heatshrink,"BOOT, HEATSHRINK, STRAIGHT",,,,,0.100,0.420,,,,,,,,EXAMPLE VALUES - VERIFY
TMS-SCE-3/8-2.0-9,label,"SLEEVE, IDENTIFICATION, 3/8 IN",,,,,0.125,0.375,,,,,,,,EXAMPLE VALUES - VERIFY
